year,izena,talde_izena,kategoria,denbora,kalea,tanda,tanda_posizioa,puntuazioa,posizioa,0_ziaboga,1_ziaboga,2_ziaboga
2022,Batel ligako 1. Jardunaldia,"ORIO ""A""",IG,"05:30,99",3,1,1,16,1,02:32,,
2022,Batel ligako 1. Jardunaldia,"ZUMAIA ""A""",IN,"05:46,71",2,1,1,18,1,02:59,,
2022,Batel ligako 1. Jardunaldia,SAN JUAN,PG,"07:34,76",2,1,1,15,1,02:13,05:10,
2022,Batel ligako 1. Jardunaldia,"ORIO ""A""",PN,"07:54,36",1,1,1,16,1,02:17,,
2022,Batel ligako 1. Jardunaldia,TOLOSALDEA,JG,"10:08,32",2,1,1,12,1,02:34,04:55,07:51
2022,Batel ligako 1. Jardunaldia,SAN JUAN,JN,"10:41,25",2,1,1,10,1,02:47,05:13,08:15
2022,Batel ligako 1. Jardunaldia,DONOSTIARRA,SG,"09:24,25",2,1,1,7,1,02:20,04:34,07:12
2022,Batel ligako 1. Jardunaldia,HIBAIKA,SN,"10:57,30",3,1,1,4,1,02:49,05:23,08:25
2022,Batel ligako 1. Jardunaldia,"SAN PEDRO ""A""",IG,"05:33,26",2,1,2,15,2,02:58,,
2022,Batel ligako 1. Jardunaldia,"ZUMAIA ""B""",IN,"05:51,28",2,1,2,17,2,02:57,,
2022,Batel ligako 1. Jardunaldia,HERNANI,PG,"07:43,80",1,1,2,14,2,02:16,05:17,
2022,Batel ligako 1. Jardunaldia,"TOLOSALDEA ""A""",PN,"07:54,79",2,1,2,15,2,02:17,,
2022,Batel ligako 1. Jardunaldia,"SAN JUAN ""A""",JG,"10:15,78",1,1,2,11,2,02:41,05:05,07:58
2022,Batel ligako 1. Jardunaldia,HIBAIKA,JN,"10:47,44",3,1,2,9,2,02:47,05:17,08:21
2022,Batel ligako 1. Jardunaldia,"ZARAUTZ ""A""",SG,"09:55,42",1,1,2,6,2,02:31,04:53,07:39
2022,Batel ligako 1. Jardunaldia,"GETARIA ""A""",IG,"05:39,43",3,1,3,14,3,02:35,,
2022,Batel ligako 1. Jardunaldia,"HIBAIKA ""A""",IN,"05:59,14",3,1,3,16,3,03:02,,
2022,Batel ligako 1. Jardunaldia,"TOLOSALDEA ""A""",PG,"07:45,33",2,1,3,13,3,02:20,05:21,
2022,Batel ligako 1. Jardunaldia,"HIBAIKA ""A""",PN,"07:59,06",2,1,3,14,3,02:16,,
2022,Batel ligako 1. Jardunaldia,"ZUMAIA ""A""",JG,"10:27,72",1,1,3,10,3,02:44,05:07,08:06
2022,Batel ligako 1. Jardunaldia,"TOLOSALDEA ""A""",JN,"10:57,94",1,1,3,8,3,02:46,05:18,08:26
2022,Batel ligako 1. Jardunaldia,"SAN JUAN ""A""",SG,"10:12,21",3,1,3,5,3,02:32,04:57,07:49
2022,Batel ligako 1. Jardunaldia,HERNANI,SN,"11:18,89",2,1,2,3,2,02:51,05:28,08:42
2022,Batel ligako 1. Jardunaldia,"SAN JUAN ""A""",IG,"05:42,32",2,1,4,13,4,02:41,,
2022,Batel ligako 1. Jardunaldia,"ORIO ""A""",IN,"06:00,32",2,1,4,15,4,03:08,,
2022,Batel ligako 1. Jardunaldia,"ORIO ""A""",PG,"07:52,28",3,1,4,12,4,02:21,05:25,
2022,Batel ligako 1. Jardunaldia,"HERNANI ""A""",PN,"07:59,54",1,1,4,13,4,02:23,,
2022,Batel ligako 1. Jardunaldia,"SAN JUAN ""C""",JG,"10:40,92",1,1,4,9,4,02:46,05:11,08:14
2022,Batel ligako 1. Jardunaldia,UR JOKO,JN,"11:06,72",1,1,4,7,4,02:54,05:28,08:38
2022,Batel ligako 1. Jardunaldia,"SAN PEDRO ""B""",IG,"05:52,41",1,1,5,12,5,02:48,,
2022,Batel ligako 1. Jardunaldia,HERNANI,IN,"06:03,62",1,1,5,14,5,03:03,,
2022,Batel ligako 1. Jardunaldia,"ZUMAIA ""A""",PG,"08:10,03",3,1,5,11,5,02:20,05:33,
2022,Batel ligako 1. Jardunaldia,"ZUMAIA ""A""",PN,"08:09,88",3,1,5,12,5,02:25,,
2022,Batel ligako 1. Jardunaldia,SAN PEDRO,JG,"11:05,06",3,1,5,8,5,02:53,05:25,08:33
2022,Batel ligako 1. Jardunaldia,HERNANI,JN,"11:11,11",2,1,5,6,5,02:53,05:28,08:41
2022,Batel ligako 1. Jardunaldia,HIBAIKA,IG,"06:19,51",1,1,6,11,6,02:55,,
2022,Batel ligako 1. Jardunaldia,"TOLOSALDEA ""A""",IN,"06:10,83",3,1,6,13,6,03:13,,
2022,Batel ligako 1. Jardunaldia,ZARAUTZ,PG,"08:16,23",2,1,6,10,6,02:29,05:43,
2022,Batel ligako 1. Jardunaldia,"HERNANI ""B""",PN,"08:17,93",1,1,6,11,6,02:21,,
2022,Batel ligako 1. Jardunaldia,"HIBAIKA ""A""",JG,D N S,2,1,6,0,6,,,
2022,Batel ligako 1. Jardunaldia,"MUTRIKU ""A""",JN,"11:23,34",1,1,6,5,6,02:52,05:31,08:50
2022,Batel ligako 1. Jardunaldia,"ZUMAIA ""A""",IG,"06:23,25",3,1,7,10,7,03:03,,
2022,Batel ligako 1. Jardunaldia,"GETARIA ""A""",IN,"06:17,48",3,1,7,12,7,03:11,,
2022,Batel ligako 1. Jardunaldia,UR JOKO,PG,"08:26,75",1,1,7,9,7,02:27,05:49,
2022,Batel ligako 1. Jardunaldia,"SAN JUAN ""A""",PN,"08:36,13",3,1,7,10,7,02:31,,
2022,Batel ligako 1. Jardunaldia,ZARAUTZ,JG,D Q F,2,1,7,0,7,,,
2022,Batel ligako 1. Jardunaldia,"TOLOSALDEA ""B""",JN,"11:29,23",2,1,7,4,7,02:57,05:33,08:54
2022,Batel ligako 1. Jardunaldia,"SAN JUAN ""B""",IG,"06:39,31",2,1,8,9,8,03:14,,
2022,Batel ligako 1. Jardunaldia,"HIBAIKA ""B""",IN,"06:18,04",1,1,8,11,8,03:13,,
2022,Batel ligako 1. Jardunaldia,"ZUMAIA ""B""",PG,"09:33,57",3,1,8,8,8,02:48,06:28,
2022,Batel ligako 1. Jardunaldia,"TOLOSALDEA ""C""",PN,"08:58,86",2,1,8,9,8,02:40,,
2022,Batel ligako 1. Jardunaldia,"SAN JUAN ""B""",JG,D Q F,3,1,8,0,8,02:39,05:00,07:52
2022,Batel ligako 1. Jardunaldia,"TOLOSALDEA ""C""",JN,D Q F,3,1,8,0,8,,,
2022,Batel ligako 1. Jardunaldia,HERNANI Mtxo.,IG,"06:12,52",2,1,9,0,9,02:56,,
2022,Batel ligako 1. Jardunaldia,"TOLOSALDEA ""B""",IN,"06:39,95",1,1,9,10,9,03:33,,
2022,Batel ligako 1. Jardunaldia,HIBAIKA,PG,FORFAIT,1,1,9,0,9,,,
2022,Batel ligako 1. Jardunaldia,"HIBAIKA ""B""",PN,"09:00,36",1,1,9,8,9,02:27,,
2022,Batel ligako 1. Jardunaldia,UR JOKO mixto,IG,"06:17,49",3,1,10,0,10,02:51,,
2022,Batel ligako 1. Jardunaldia,MUTRIKU Mtxo.,IN,"06:08,24",1,1,10,0,10,02:59,,
2022,Batel ligako 1. Jardunaldia,"TOLOSALDEA ""B""",PN,"09:02,12",2,1,10,7,10,02:31,,
2022,Batel ligako 1. Jardunaldia,TOLOSALDEA,IG,D Q F,1,1,11,0,11,02:52,,
2022,Batel ligako 1. Jardunaldia,"ORIO ""B""",IN,D Q F,2,1,11,0,11,,,
2022,Batel ligako 1. Jardunaldia,"ZUMAIA ""B"" (MIXTO)",PN,D Q F,3,1,11,0,11,02:26,,
2022,Batel ligako 1. Jardunaldia,"ORIO ""B""",IG,D Q F,3,1,12,0,12,03:06,,
2022,Batel ligako 1. Jardunaldia,"HIBAIKA ""C""",IN,D Q F,1,1,12,0,12,,,
2022,Batel ligako 1. Jardunaldia,"HERNANI ""C""",PN,FORFAIT,3,1,12,0,12,,,
2022,Batel ligako 1. Jardunaldia,"ZARAUTZ ""A""",IN,D Q F,2,1,13,0,13,,,
2022,Batel ligako 2. Jardunaldia,"SAN PEDRO ""A""",IG,"05:02,70",2,1,1,16,1,02:32,,
2022,Batel ligako 2. Jardunaldia,"ZUMAIA ""A""",IN,"05:22,14",2,1,1,18,1,02:40,,
2022,Batel ligako 2. Jardunaldia,"ORIO ""A""",PG,"07:14,00",4,1,1,15,1,,05:23,
2022,Batel ligako 2. Jardunaldia,"ORIO ""A""",PN,"07:40,71",4,1,1,0,1,02:25,05:07,
2022,Batel ligako 2. Jardunaldia,"SAN JUAN ""A""",JG,"09:29,61",3,1,1,12,1,02:15,04:41,07:07
2022,Batel ligako 2. Jardunaldia,SAN JUAN,JN,"10:20,38",1,1,1,10,1,02:27,05:03,07:47
2022,Batel ligako 2. Jardunaldia,DONOSTIARRA,SG,"08:55,91",4,1,1,7,1,02:06,04:21,06:42
2022,Batel ligako 2. Jardunaldia,HIBAIKA,SN,"10:54,72",3,1,1,4,1,02:37,05:21,07:12
2022,Batel ligako 2. Jardunaldia,"ORIO ""A""",IG,"05:03,82",3,1,2,15,2,02:33,,
2022,Batel ligako 2. Jardunaldia,"ZUMAIA ""B""",IN,"05:30,92",4,1,2,17,2,02:44,,
2022,Batel ligako 2. Jardunaldia,"TOLOSALDEA ""A""",PG,"07:16,72",3,1,2,14,2,,05:32,
2022,Batel ligako 2. Jardunaldia,"SAN JUAN ""B""",PN,"07:44,21",3,1,2,16,2,02:27,06:20,
2022,Batel ligako 2. Jardunaldia,"ORIO ""A""",JG,"09:34,42",2,1,2,11,2,02:14,04:41,07:10
2022,Batel ligako 2. Jardunaldia,HIBAIKA,JN,"10:28,35",2,1,2,9,2,02:27,05:07,07:53
2022,Batel ligako 2. Jardunaldia,"SAN JUAN ""A""",SG,"09:12,14",1,1,2,6,2,02:08,04:30,06:57
2022,Batel ligako 2. Jardunaldia,SAN JUAN,SN,"11:05,13",2,1,2,3,2,02:37,05:24,07:20
2022,Batel ligako 2. Jardunaldia,"GETARIA ""A""",IG,"05:29,08",1,1,3,14,3,02:46,,
2022,Batel ligako 2. Jardunaldia,"ZARAUTZ ""A""",IN,"05:32,97",2,1,3,16,3,02:44,,
2022,Batel ligako 2. Jardunaldia,HERNANI,PG,"07:26,00",2,1,3,13,3,,05:54,
2022,Batel ligako 2. Jardunaldia,"TOLOSALDEA ""A""",PN,"07:47,06",3,1,3,0,3,02:24,05:09,
2022,Batel ligako 2. Jardunaldia,"ZUMAIA ""A""",JG,"09:38,17",1,1,3,10,3,02:18,04:51,07:24
2022,Batel ligako 2. Jardunaldia,HERNANI,JN,"10:37,60",4,1,3,8,3,02:30,05:13,07:59
2022,Batel ligako 2. Jardunaldia,"SAN JUAN ""B""",SG,"09:22,91",1,1,3,5,3,02:12,04:36,07:04
2022,Batel ligako 2. Jardunaldia,HERNANI,IG,"05:36,85",3,1,4,13,4,02:48,,
2022,Batel ligako 2. Jardunaldia,"GETARIA ""A""",IN,"05:39,23",1,1,4,15,4,02:51,,
2022,Batel ligako 2. Jardunaldia,SAN JUAN,PG,"07:40,76",1,1,4,12,4,,05:08,
2022,Batel ligako 2. Jardunaldia,"HERNANI ""A""",PN,"07:52,68",3,1,4,15,4,02:29,05:16,
2022,Batel ligako 2. Jardunaldia,"SAN JUAN ""B""",JG,"09:39,59",2,1,4,9,4,02:14,04:41,07:12
2022,Batel ligako 2. Jardunaldia,"TOLOSALDEA ""A""",JN,"10:42,48",4,1,4,7,4,02:28,05:11,08:59
2022,Batel ligako 2. Jardunaldia,UR JOKO,SG,"09:28,13",3,1,4,4,4,02:15,04:41,07:10
2022,Batel ligako 2. Jardunaldia,"ORIO ""B""",IG,"05:42,68",2,1,5,12,5,02:56,,
2022,Batel ligako 2. Jardunaldia,"ORIO ""A""",IN,"05:47,02",1,1,5,14,5,02:54,,
2022,Batel ligako 2. Jardunaldia,SAN PEDRO,PG,"07:43,32",4,1,5,11,5,02:26,05:10,
2022,Batel ligako 2. Jardunaldia,"ZUMAIA ""A""",PN,"08:04,54",2,1,5,0,5,02:29,05:21,
2022,Batel ligako 2. Jardunaldia,TOLOSALDEA,JG,"09:51,91",2,1,5,8,5,02:14,04:42,07:15
2022,Batel ligako 2. Jardunaldia,UR JOKO,JN,"10:59,11",3,1,5,6,5,02:35,05:23,08:16
2022,Batel ligako 2. Jardunaldia,"ZARAUTZ ""A""",SG,"09:29,44",2,1,5,3,5,02:16,04:42,07:12
2022,Batel ligako 2. Jardunaldia,TOLOSALDEA,IG,"05:53,07",4,1,6,11,6,02:57,,
2022,Batel ligako 2. Jardunaldia,"TOLOSALDEA ""A""",IN,"05:52,84",3,1,6,13,6,02:56,,
2022,Batel ligako 2. Jardunaldia,"ZUMAIA ""A""",PG,"07:49,93",1,1,6,10,6,02:23,04:22,
2022,Batel ligako 2. Jardunaldia,"HIBAIKA ""A""",PN,"08:10,51",1,1,6,14,6,02:37,05:31,
2022,Batel ligako 2. Jardunaldia,ZARAUTZ,JG,"10:01,41",4,1,6,7,6,02:20,04:53,07:28
2022,Batel ligako 2. Jardunaldia,"TOLOSALDEA ""B""",JN,"11:09,97",2,1,6,5,6,02:34,05:24,08:21
2022,Batel ligako 2. Jardunaldia,ORIO,SG,"09:29,73",3,1,6,2,6,02:14,04:38,07:09
2022,Batel ligako 2. Jardunaldia,"ZUMAIA ""A""",IG,"06:07,38",1,1,7,10,7,03:14,,
2022,Batel ligako 2. Jardunaldia,HERNANI,IN,"06:02,86",2,1,7,12,7,03:02,,
2022,Batel ligako 2. Jardunaldia,"ORIO ""B""",PG,"07:58,18",2,1,7,9,7,02:31,05:21,
2022,Batel ligako 2. Jardunaldia,"HERNANI ""B""",PN,"08:15,62",3,1,7,13,7,02:32,05:30,
2022,Batel ligako 2. Jardunaldia,"ORIO ""B""",JG,"10:04,43",3,1,7,6,7,02:25,04:59,07:33
2022,Batel ligako 2. Jardunaldia,"TOLOSALDEA ""C""",JN,"11:24,01",3,1,7,4,7,02:42,05:37,08:33
2022,Batel ligako 2. Jardunaldia,"MUTRIKU ""A""",SG,"10:10,15",2,1,7,1,7,02:22,04:55,07:39
2022,Batel ligako 2. Jardunaldia,HIBAIKA,IG,"06:09,23",2,1,8,9,8,03:06,,
2022,Batel ligako 2. Jardunaldia,"HIBAIKA ""B""",IN,"06:24,02",4,1,8,11,8,03:12,,
2022,Batel ligako 2. Jardunaldia,ZARAUTZ,PG,"08:01,85",2,1,8,8,8,02:30,05:11,
2022,Batel ligako 2. Jardunaldia,"ORIO ""B""",PN,"08:25,25",1,1,8,12,8,02:38,05:40,
2022,Batel ligako 2. Jardunaldia,"HIBAIKA ""A""",JG,"10:20,32",3,1,8,5,8,02:24,05:01,07:43
2022,Batel ligako 2. Jardunaldia,"MUTRIKU ""A""",JN,"11:30,57",1,1,8,3,8,02:39,05:35,08:37
2022,Batel ligako 2. Jardunaldia,"ORIO ""C"" Mtxo.",IG,"07:40,87",4,1,9,0,9,04:01,,
2022,Batel ligako 2. Jardunaldia,"TOLOSALDEA ""B""",IN,"07:00,78",1,1,9,10,9,03:40,,
2022,Batel ligako 2. Jardunaldia,HIBAIKA Mtxo.,PG,"08:27,27",3,1,9,0,9,02:35,05:10,
2022,Batel ligako 2. Jardunaldia,"SAN JUAN ""A""",PN,"08:30,29",2,1,9,11,9,02:41,05:36,
2022,Batel ligako 2. Jardunaldia,SAN PEDRO,JG,"10:44,23",1,1,9,4,9,02:32,05:13,08:00
2022,Batel ligako 2. Jardunaldia,"SAN PEDRO ""B""",IG,DQF,3,1,10,0,10,02:53,,
2022,Batel ligako 2. Jardunaldia,"HIBAIKA ""D"" (NP)",IN,"07:20,81",4,1,10,0,10,03:49,,
2022,Batel ligako 2. Jardunaldia,"HERNANI ""C""",PN,"08:31,96",4,1,10,10,10,02:37,05:40,
2022,Batel ligako 2. Jardunaldia,"SAN JUAN ""C""",JG,D N S,4,1,10,0,10,,,
2022,Batel ligako 2. Jardunaldia,"SAN JUAN ""B""",IG,DQF,4,1,11,0,11,03:09,,
2022,Batel ligako 2. Jardunaldia,"HIBAIKA ""C""",IN,"07:23,69",4,1,11,9,11,03:33,,
2022,Batel ligako 2. Jardunaldia,"TOLOSALDEA ""B""",PN,"08:34,28",3,1,11,0,11,02:40,05:42,
2022,Batel ligako 2. Jardunaldia,"HIBAIKA ""B""",JG,FORFAIT,1,1,11,0,11,,,
2022,Batel ligako 2. Jardunaldia,"SAN JUAN ""A""",IG,DQF,4,1,12,0,12,02:38,,
2022,Batel ligako 2. Jardunaldia,"ORIO ""B""",IN,DQF,3,1,12,0,12,03:11,,
2022,Batel ligako 2. Jardunaldia,"TOLOSALDEA ""C""",PN,"09:13,18",1,1,12,0,12,02:52,06:07,
2022,Batel ligako 2. Jardunaldia,"GETARIA ""B"" Mtxo.",IG,FORFAIT,3,1,13,0,13,,,
2022,Batel ligako 2. Jardunaldia,"HIBAIKA ""A""",IN,DQF,3,1,13,0,13,02:55,,
2022,Batel ligako 2. Jardunaldia,ZARAUTZ,PN,"09:25,15",4,1,13,9,13,03:06,05:10,
2022,Batel ligako 2. Jardunaldia,"ZUMAIA ""B"" (MIXTO)",PN,DNS,1,1,14,0,14,,,
2022,Batel ligako 3. Jardunaldia,"ORIO ""A""",IG,"04:51,98",1,1,1,16,1,02:19,,
2022,Batel ligako 3. Jardunaldia,"ZUMAIA ""A""",IN,"05:14,43",1,1,1,18,1,,,
2022,Batel ligako 3. Jardunaldia,SAN JUAN,PG,"06:58,81",1,1,1,15,1,03:22,,
2022,Batel ligako 3. Jardunaldia,"TOLOSALDEA ""A""",PN,"07:26,27",1,1,1,16,1,03:34,,
2022,Batel ligako 3. Jardunaldia,"SAN JUAN ""A""",JG,"09:13,55",1,1,1,12,1,04:34,,
2022,Batel ligako 3. Jardunaldia,SAN JUAN,JN,"10:02,82",1,1,1,10,1,04:59,,
2022,Batel ligako 3. Jardunaldia,DONOSTIARRA,SG,"08:49,40",1,1,1,8,1,04:25,,
2022,Batel ligako 3. Jardunaldia,HERNANI,SN,"10:32,35",1,1,1,4,1,05:25,,
2022,Batel ligako 3. Jardunaldia,"SAN PEDRO ""A""",IG,"04:55,22",1,1,2,15,2,02:19,,
2022,Batel ligako 3. Jardunaldia,"ZUMAIA ""B""",IN,"05:17,26",1,1,2,17,2,,,
2022,Batel ligako 3. Jardunaldia,"ORIO ""A""",PG,"07:02,35",1,1,2,14,2,03:25,,
2022,Batel ligako 3. Jardunaldia,"ORIO ""A""",PN,"07:29,36",1,1,2,15,2,03:36,,
2022,Batel ligako 3. Jardunaldia,"SAN JUAN ""B""",JG,"09:20,71",1,1,2,11,2,04:33,,
2022,Batel ligako 3. Jardunaldia,HIBAIKA,JN,"10:05,61",1,1,2,9,2,05:00,,
2022,Batel ligako 3. Jardunaldia,"SAN JUAN ""A""",SG,"09:03,34",1,1,2,7,2,04:35,,
2022,Batel ligako 3. Jardunaldia,HIBAIKA,SN,"10:32,64",1,1,2,3,2,05:20,,
2022,Batel ligako 3. Jardunaldia,"SAN JUAN ""A""",IG,"04:56,68",1,1,3,14,3,02:20,,
2022,Batel ligako 3. Jardunaldia,"ORIO ""A""",IN,"05:31,87",1,1,3,16,3,,,
2022,Batel ligako 3. Jardunaldia,"TOLOSALDEA ""A""",PG,"07:04,57",1,1,3,13,3,03:24,,
2022,Batel ligako 3. Jardunaldia,"SAN JUAN ""B""",PN,"07:32,62",1,1,3,14,3,03:36,,
2022,Batel ligako 3. Jardunaldia,"ORIO ""B""",JG,"09:29,04",1,1,3,10,3,04:36,,
2022,Batel ligako 3. Jardunaldia,HERNANI,JN,"10:10,67",1,1,3,8,3,05:01,,
2022,Batel ligako 3. Jardunaldia,"ZARAUTZ ""A""",SG,"09:09,04",1,1,3,6,3,04:39,,
2022,Batel ligako 3. Jardunaldia,SAN JUAN,SN,"11:07,08",1,1,3,2,3,05:38,,
2022,Batel ligako 3. Jardunaldia,"GETARIA ""A""",IG,"05:00,87",1,1,4,13,4,02:22,,
2022,Batel ligako 3. Jardunaldia,"ZARAUTZ ""A""",IN,"05:32,53",1,1,4,15,4,,,
2022,Batel ligako 3. Jardunaldia,HERNANI,PG,"07:08,27",1,1,4,12,4,03:22,,
2022,Batel ligako 3. Jardunaldia,"HERNANI ""A""",PN,"07:34,40",1,1,4,13,4,03:39,,
2022,Batel ligako 3. Jardunaldia,"ZUMAIA ""A""",JG,"09:36,67",1,1,4,9,4,04:47,,
2022,Batel ligako 3. Jardunaldia,ORIO,JN,"10:11,11",1,1,4,7,4,04:58,,
2022,Batel ligako 3. Jardunaldia,"UR JOKO ""A""",SG,"09:26,64",1,1,4,5,4,04:47,,
2022,Batel ligako 3. Jardunaldia,"ORIO ""B""",IG,"05:28,25",1,1,5,12,5,02:30,,
2022,Batel ligako 3. Jardunaldia,"GETARIA ""A""",IN,"05:35,57",1,1,5,14,5,,,
2022,Batel ligako 3. Jardunaldia,"ZUMAIA ""A""",PG,"07:12,02",1,1,5,11,5,03:25,,
2022,Batel ligako 3. Jardunaldia,"HIBAIKA ""A""",PN,"07:41,35",1,1,5,12,5,03:42,,
2022,Batel ligako 3. Jardunaldia,ZARAUTZ,JG,"09:39,15",1,1,5,8,5,04:43,,
2022,Batel ligako 3. Jardunaldia,"TOLOSALDEA ""A""",JN,"10:16,41",1,1,5,6,5,05:00,,
2022,Batel ligako 3. Jardunaldia,"MUTRIKU ""A""",SG,"09:28,06",1,1,5,4,5,04:49,,
2022,Batel ligako 3. Jardunaldia,HERNANI,IG,"05:29,67",1,1,6,11,6,02:32,,
2022,Batel ligako 3. Jardunaldia,"HIBAIKA ""A""",IN,"05:35,89",1,1,6,13,6,,,
2022,Batel ligako 3. Jardunaldia,SAN PEDRO,PG,"07:32,64",1,1,6,10,6,03:33,,
2022,Batel ligako 3. Jardunaldia,"ZUMAIA ""A""",PN,"07:44,52",1,1,6,11,6,03:42,,
2022,Batel ligako 3. Jardunaldia,"ORIO ""A""",JG,"09:39,23",1,1,6,7,6,04:39,,
2022,Batel ligako 3. Jardunaldia,UR JOKO,JN,"10:17,18",1,1,6,5,6,05:07,,
2022,Batel ligako 3. Jardunaldia,ORIO,SG,"09:29,37",1,1,6,3,6,04:49,,
2022,Batel ligako 3. Jardunaldia,"ZUMAIA ""A""",IG,"05:29,84",1,1,7,10,7,02:36,,
2022,Batel ligako 3. Jardunaldia,"TOLOSALDEA ""A""",IN,"05:37,59",1,1,7,12,7,,,
2022,Batel ligako 3. Jardunaldia,ZARAUTZ,PG,"07:34,82",1,1,7,9,7,03:34,,
2022,Batel ligako 3. Jardunaldia,"ZUMAIA ""B""",PN,"07:52,43",1,1,7,10,7,03:47,,
2022,Batel ligako 3. Jardunaldia,"SAN JUAN ""C""",JG,"09:45,29",1,1,7,6,7,04:47,,
2022,Batel ligako 3. Jardunaldia,"TOLOSALDEA ""B""",JN,"10:46,70",1,1,7,4,7,05:16,,
2022,Batel ligako 3. Jardunaldia,"SAN JUAN ""B"" (NP)",SG,"09:53,67",1,1,7,0,7,05:01,,
2022,Batel ligako 3. Jardunaldia,TOLOSALDEA,IG,"05:39,24",1,1,8,9,8,02:34,,
2022,Batel ligako 3. Jardunaldia,HERNANI,IN,"05:39,91",1,1,8,11,8,,,
2022,Batel ligako 3. Jardunaldia,"ORIO ""B""",PG,"07:43,11",1,1,8,8,8,03:38,,
2022,Batel ligako 3. Jardunaldia,"SAN JUAN ""A""",PN,"07:56,70",1,1,8,9,8,03:46,,
2022,Batel ligako 3. Jardunaldia,SAN PEDRO,JG,"10:04,38",1,1,8,5,8,04:54,,
2022,Batel ligako 3. Jardunaldia,"MUTRIKU ""B""",JN,"11:02,03",1,1,8,3,8,05:22,,
2022,Batel ligako 3. Jardunaldia,"ZARAUTZ ""B"" (NP)",SG,"09:57,04",1,1,8,0,8,05:05,,
2022,Batel ligako 3. Jardunaldia,"SAN PEDRO ""B""",IG,"05:43,62",1,1,9,8,9,02:36,,
2022,Batel ligako 3. Jardunaldia,"ORIO ""B""",IN,"06:00,17",1,1,9,10,9,,,
2022,Batel ligako 3. Jardunaldia,UR JOKO,PG,"07:48,17",1,1,9,7,9,03:37,,
2022,Batel ligako 3. Jardunaldia,"HERNANI ""B""",PN,"07:56,70",1,1,9,9,9,03:45,,
2022,Batel ligako 3. Jardunaldia,"HIBAIKA ""A""",JG,"10:09,73",1,1,9,4,9,04:57,,
2022,Batel ligako 3. Jardunaldia,"MUTRIKU ""A""",JN,"11:02,63",1,1,9,2,9,05:27,,
2022,Batel ligako 3. Jardunaldia,ILLUNBE (NP),SG,Forfait,1,1,9,0,9,,,
2022,Batel ligako 3. Jardunaldia,HIBAIKA,IG,"05:55,96",1,1,10,7,10,02:45,,
2022,Batel ligako 3. Jardunaldia,"HIBAIKA ""B""",IN,"06:03,91",1,1,10,9,10,,,
2022,Batel ligako 3. Jardunaldia,"ZUMAIA ""B""",PG,"08:28,80",1,1,10,6,10,03:54,,
2022,Batel ligako 3. Jardunaldia,UR JOKO,PN,"08:02,77",1,1,10,7,10,03:52,,
2022,Batel ligako 3. Jardunaldia,TOLOSALDEA,JG,Descalifi,1,1,10,0,10,04:32,,
2022,Batel ligako 3. Jardunaldia,"UR JOKO ""B"" (NP)",SG,Forfait,1,1,10,0,10,,,
2022,Batel ligako 3. Jardunaldia,"SAN JUAN ""B""",IG,"06:05,49",1,1,11,6,11,02:43,,
2022,Batel ligako 3. Jardunaldia,"TOLOSALDEA ""B""",IN,"06:31,67",1,1,11,8,11,,,
2022,Batel ligako 3. Jardunaldia,"ORIO ""C""",PG,"08:50,93",1,1,11,5,11,04:04,,
2022,Batel ligako 3. Jardunaldia,"HERNANI ""C""",PN,"08:14,27",1,1,11,6,11,03:56,,
2022,Batel ligako 3. Jardunaldia,"HIBAIKA ""B""",JG,Forfait,1,1,11,0,11,,,
2022,Batel ligako 3. Jardunaldia,"GETARIA ""B"" Mtxo.",IG,"06:15,06",1,1,12,0,12,02:50,,
2022,Batel ligako 3. Jardunaldia,"HIBAIKA ""C""",IN,"07:19,93",1,1,12,7,12,,,
2022,Batel ligako 3. Jardunaldia,HIBAIKA Mtxo.,PG,"07:49,48",1,1,12,0,12,03:39,,
2022,Batel ligako 3. Jardunaldia,"ORIO ""B""",PN,"08:14,92",1,1,12,5,12,03:54,,
2022,Batel ligako 3. Jardunaldia,"ORIO ""C""",IG,,1,1,13,0,13,,,
2022,Batel ligako 3. Jardunaldia,"HIBAIKA ""D"" (NP)",IN,"08:09,76",1,1,13,0,13,,,
2022,Batel ligako 3. Jardunaldia,"TOLOSALDEA ""B""",PN,"08:25,21",1,1,13,4,13,03:59,,
2022,Batel ligako 3. Jardunaldia,MUTRIKU Mtxo.,IN,"05:51,60",1,1,14,0,14,,,
2022,Batel ligako 3. Jardunaldia,ZARAUTZ,PN,"08:31,43",1,1,14,3,14,04:06,,
2022,Batel ligako 4. Jardunaldia,"SAN PEDRO ""A""",IG,"04:54,78",4,1,1,16,1,02:14,,
2022,Batel ligako 4. Jardunaldia,"ZUMAIA ""A""",IN,"05:12,58",2,1,1,18,1,02:30,,
2022,Batel ligako 4. Jardunaldia,SAN JUAN,PG,"07:11,18",5,1,1,15,1,02:21,04:44,
2022,Batel ligako 4. Jardunaldia,"ORIO ""A""",PN,"07:40,56",5,1,1,16,1,02:30,05:06,
2022,Batel ligako 4. Jardunaldia,"SAN JUAN ""A""",JG,"09:29,47",2,1,1,12,1,02:13,04:39,07:08
2022,Batel ligako 4. Jardunaldia,SAN JUAN,JN,"10:24,73",4,1,1,10,1,02:28,05:06,07:46
2022,Batel ligako 4. Jardunaldia,DONOSTIARRA,SG,"09:00,94",4,1,1,8,1,02:03,04:22,06:42
2022,Batel ligako 4. Jardunaldia,HIBAIKA,SN,"10:43,44",5,1,1,4,1,02:27,05:22,08:02
2022,Batel ligako 4. Jardunaldia,"GETARIA ""A""",IG,"04:57,81",1,1,2,15,2,02:17,,
2022,Batel ligako 4. Jardunaldia,"ORIO ""A""",IN,"05:17,55",5,1,2,17,2,02:28,,
2022,Batel ligako 4. Jardunaldia,"ORIO ""A""",PG,"07:15,42",3,1,2,14,2,02:21,04:45,
2022,Batel ligako 4. Jardunaldia,"HERNANI ""A""",PN,"07:42,05",4,1,2,15,2,02:30,05:07,
2022,Batel ligako 4. Jardunaldia,"SAN JUAN ""B""",JG,"09:37,12",4,1,2,11,2,02:16,04:43,07:15
2022,Batel ligako 4. Jardunaldia,HIBAIKA,JN,"10:28,40",5,1,2,9,2,02:35,05:10,07:52
2022,Batel ligako 4. Jardunaldia,"SAN JUAN ""A""",SG,"09:01,39",2,1,2,7,2,02:02,04:23,06:41
2022,Batel ligako 4. Jardunaldia,HERNANI,SN,"10:45,27",4,1,2,3,2,02:30,05:17,08:05
2022,Batel ligako 4. Jardunaldia,"ORIO ""A""",IG,"05:00,54",5,1,3,14,3,02:16,,
2022,Batel ligako 4. Jardunaldia,"ZUMAIA ""B""",IN,"05:18,18",4,1,3,16,3,02:28,,
2022,Batel ligako 4. Jardunaldia,HERNANI,PG,"07:18,58",2,1,3,13,3,02:18,04:47,
2022,Batel ligako 4. Jardunaldia,"TOLOSALDEA ""A""",PN,"07:43,83",2,1,3,14,3,02:23,04:36,
2022,Batel ligako 4. Jardunaldia,"ORIO ""A""",JG,"09:39,21",1,1,3,10,3,02:12,04:41,07:14
2022,Batel ligako 4. Jardunaldia,"TOLOSALDEA ""A""",JN,"10:34,03",2,1,3,8,3,02:28,05:07,07:50
2022,Batel ligako 4. Jardunaldia,"ZARAUTZ ""A""",SG,"09:28,48",3,1,3,6,3,02:10,04:39,07:06
2022,Batel ligako 4. Jardunaldia,SAN JUAN,SN,FORFAIT,3,1,3,0,3,,,
2022,Batel ligako 4. Jardunaldia,"SAN JUAN ""A""",IG,"05:07,85",2,1,4,13,4,02:23,,
2022,Batel ligako 4. Jardunaldia,"ZARAUTZ ""A""",IN,"05:25,89",4,1,4,15,4,04:27,,
2022,Batel ligako 4. Jardunaldia,"TOLOSALDEA ""A""",PG,"07:25,42",1,1,4,12,4,02:19,04:51,
2022,Batel ligako 4. Jardunaldia,"SAN JUAN ""B""",PN,"07:51,18",3,1,4,13,4,02:30,05:12,
2022,Batel ligako 4. Jardunaldia,TOLOSALDEA,JG,"09:39,66",5,1,4,9,4,02:15,04:42,07:16
2022,Batel ligako 4. Jardunaldia,ORIO,JN,"10:43,07",4,1,4,7,4,02:30,05:14,07:59
2022,Batel ligako 4. Jardunaldia,"UR JOKO ""A""",SG,"09:38,23",5,1,4,5,4,02:11,04:42,07:10
2022,Batel ligako 4. Jardunaldia,"ORIO ""B""",IG,"05:21,67",5,1,5,12,5,02:28,,
2022,Batel ligako 4. Jardunaldia,HERNANI,IN,"05:41,70",2,1,5,14,5,02:39,,
2022,Batel ligako 4. Jardunaldia,"ZUMAIA ""A""",PG,"07:33,28",4,1,5,11,5,02:23,04:56,
2022,Batel ligako 4. Jardunaldia,"HIBAIKA ""A""",PN,"07:51,61",1,1,5,12,5,02:26,05:08,
2022,Batel ligako 4. Jardunaldia,"SAN JUAN ""C""",JG,"09:55,79",3,1,5,8,5,02:18,04:51,07:25
2022,Batel ligako 4. Jardunaldia,HERNANI,JN,"10:43,92",3,1,5,6,5,02:34,05:15,07:59
2022,Batel ligako 4. Jardunaldia,ORIO,SG,"09:38,89",3,1,5,4,5,02:10,04:43,07:11
2022,Batel ligako 4. Jardunaldia,"SAN PEDRO ""B""",IG,"05:24,99",4,1,6,11,6,02:31,,
2022,Batel ligako 4. Jardunaldia,"GETARIA ""A""",IN,"05:42,53",3,1,6,13,6,02:40,,
2022,Batel ligako 4. Jardunaldia,SAN PEDRO,PG,"07:39,16",3,1,6,10,6,02:28,05:11,
2022,Batel ligako 4. Jardunaldia,"ZUMAIA ""B""",PN,"08:09,08",4,1,6,11,6,02:35,05:22,
2022,Batel ligako 4. Jardunaldia,ZARAUTZ,JG,"09:57,88",4,1,6,7,6,02:19,05:52,07:30
2022,Batel ligako 4. Jardunaldia,UR JOKO,JN,"10:51,54",2,1,6,5,6,02:34,05:20,08:08
2022,Batel ligako 4. Jardunaldia,"ZARAUTZ ""B"" (NP)",SG,"10:12,12",4,1,6,0,6,02:21,05:00,07:34
2022,Batel ligako 4. Jardunaldia,"ZUMAIA ""B""",IG,"05:31,21",1,1,7,10,7,02:44,,
2022,Batel ligako 4. Jardunaldia,"HIBAIKA ""A""",IN,"05:47,00",5,1,7,12,7,02:39,,
2022,Batel ligako 4. Jardunaldia,ZARAUTZ,PG,"07:42,22",5,1,7,9,7,02:31,05:07,
2022,Batel ligako 4. Jardunaldia,"ZUMAIA ""A""",PN,"08:09,75",4,1,7,10,7,02:36,05:23,
2022,Batel ligako 4. Jardunaldia,"ZUMAIA ""A""",JG,"09:59,19",3,1,7,6,7,02:22,04:58,07:32
2022,Batel ligako 4. Jardunaldia,"TOLOSALDEA ""B""",JN,"11:10,16",3,1,7,4,7,02:35,05:23,08:16
2022,Batel ligako 4. Jardunaldia,ILLUNBE (NP),SG,"10:20,57",5,1,7,0,7,02:23,05:03,07:36
2022,Batel ligako 4. Jardunaldia,UR JOKO,IG,"05:31,93",4,1,8,9,8,02:53,,
2022,Batel ligako 4. Jardunaldia,"ORIO ""B""",IN,"05:47,73",2,1,8,11,8,02:47,,
2022,Batel ligako 4. Jardunaldia,"ORIO ""B""",PG,"07:52,46",1,1,8,8,8,02:27,,
2022,Batel ligako 4. Jardunaldia,"SAN JUAN ""A""",PN,"08:10,13",2,1,8,9,8,02:31,05:24,
2022,Batel ligako 4. Jardunaldia,SAN PEDRO,JG,"10:34,17",1,1,8,5,8,02:27,05:08,07:56
2022,Batel ligako 4. Jardunaldia,"UR JOKO ""B"" (NP)",SG,"10:22,17",2,1,8,0,8,02:22,05:02,07:44
2022,Batel ligako 4. Jardunaldia,"SAN JUAN ""B""",IG,"05:58,18",5,1,9,8,9,02:37,,
2022,Batel ligako 4. Jardunaldia,"TOLOSALDEA ""A""",IN,"05:51,42",5,1,9,10,9,02:42,,
2022,Batel ligako 4. Jardunaldia,UR JOKO,PG,"08:03,61",4,1,9,7,9,02:32,05:44,
2022,Batel ligako 4. Jardunaldia,"ORIO ""B""",PN,"08:15,33",1,1,9,8,9,02:34,05:29,
2022,Batel ligako 4. Jardunaldia,"HIBAIKA ""A""",JG,"10:42,29",2,1,9,4,9,02:25,05:11,08:00
2022,Batel ligako 4. Jardunaldia,"ZUMAIA ""A""",IG,"06:09,56",3,1,10,7,10,02:43,,
2022,Batel ligako 4. Jardunaldia,MUTRIKU Mtxo.,IN,"05:52,75",3,1,10,0,10,02:41,,
2022,Batel ligako 4. Jardunaldia,"ZUMAIA ""B""",PG,"08:43,75",4,1,10,6,10,03:04,05:39,
2022,Batel ligako 4. Jardunaldia,"HERNANI ""C""",PN,"08:27,74",5,1,10,7,10,02:39,05:33,
2022,Batel ligako 4. Jardunaldia,"HIBAIKA ""B""",JG,FORFAIT,5,1,10,0,10,,,
2022,Batel ligako 4. Jardunaldia,"GETARIA ""B"" Mtxo.",IG,"06:01,30",2,1,11,0,11,02:52,,
2022,Batel ligako 4. Jardunaldia,"TOLOSALDEA ""B""",IN,"06:10,71",4,1,11,9,11,02:48,,
2022,Batel ligako 4. Jardunaldia,"ORIO ""C""",PG,"08:44,20",1,1,11,5,11,02:44,05:44,
2022,Batel ligako 4. Jardunaldia,"TOLOSALDEA ""B""",PN,"08:36,54",2,1,11,6,11,02:41,05:41,
2022,Batel ligako 4. Jardunaldia,HIBAIKA Mtxo,IG,"06:27,06",1,1,12,0,12,02:59,,
2022,Batel ligako 4. Jardunaldia,"HIBAIKA ""B""",IN,"06:16,48",3,1,12,8,12,02:49,,
2022,Batel ligako 4. Jardunaldia,HIBAIKA Mtxo.,PG,"08:48,13",2,1,12,0,12,02:46,05:42,
2022,Batel ligako 4. Jardunaldia,"HERNANI ""B""",PN,"08:41,58",3,1,12,5,12,02:39,05:12,
2022,Batel ligako 4. Jardunaldia,HERNANI,IG,FORFAIT,2,1,13,0,13,,,
2022,Batel ligako 4. Jardunaldia,UR JOKO Mtxo.,IN,"06:19,75",2,1,13,0,13,02:52,,
2022,Batel ligako 4. Jardunaldia,"ORIO ""D""",PG,"09:38,72",5,1,13,4,13,02:45,06:15,
2022,Batel ligako 4. Jardunaldia,UR JOKO,PN,"08:55,93",5,1,13,4,13,02:49,05:57,
2022,Batel ligako 4. Jardunaldia,"HIBAIKA ""D"" (NP)",IN,"07:07,31",4,1,14,0,14,03:10,,
2022,Batel ligako 4. Jardunaldia,"TOLOSALDEA ""C""",PN,"09:04,65",1,1,14,3,14,02:50,06:01,
2022,Batel ligako 4. Jardunaldia,"HIBAIKA ""C""",IN,D Q F,3,1,15,0,15,03:09,,
2022,Batel ligako 4. Jardunaldia,"HIBAIKA ""B""",PN,FORFAIT,3,1,15,0,15,,,
2022,Batel ligako 4. Jardunaldia,"ZARAUTZ ""B""",IN,Descali,5,1,16,0,16,02:30,,
2022,Batel ligako 5. Jardunaldia,"ORIO ""A""",IG,"04:44,75",11,1,1,16,1,02:15,,
2022,Batel ligako 5. Jardunaldia,"ZUMAIA ""B""",IN,"05:05,83",15,1,1,18,1,02:25,,
2022,Batel ligako 5. Jardunaldia,SAN JUAN,PG,"06:46,65",12,1,1,15,1,03:22,,
2022,Batel ligako 5. Jardunaldia,"HERNANI ""A""",PN,"07:16,67",14,1,1,16,1,03:41,,
2022,Batel ligako 5. Jardunaldia,"SAN JUAN ""A""",JG,"08:38,18",10,1,1,12,1,04:23,,
2022,Batel ligako 5. Jardunaldia,SAN JUAN,JN,"09:25,18",8,1,1,10,1,04:49,,
2022,Batel ligako 5. Jardunaldia,DONOSTIARRA,SG,"08:09,26",6,1,1,8,1,04:05,,
2022,Batel ligako 5. Jardunaldia,HERNANI,SN,"09:58,21",2,1,1,4,1,05:02,,
2022,Batel ligako 5. Jardunaldia,"GETARIA ""A""",IG,"04:48,19",10,1,2,15,2,02:17,,
2022,Batel ligako 5. Jardunaldia,"ORIO ""A""",IN,"05:06,43",14,1,2,17,2,02:25,,
2022,Batel ligako 5. Jardunaldia,"ORIO ""A""",PG,"06:51,92",11,1,2,14,2,03:25,,
2022,Batel ligako 5. Jardunaldia,"ORIO ""A""",PN,"07:21,10",12,1,2,15,2,03:34,,
2022,Batel ligako 5. Jardunaldia,"SAN JUAN ""B""",JG,"08:46,65",8,1,2,11,2,04:24,,
2022,Batel ligako 5. Jardunaldia,ZUMAIA (NP),JN,"09:27,87",1,1,2,0,2,04:47,,
2022,Batel ligako 5. Jardunaldia,ORIO,SG,"08:31,61",2,1,2,7,2,04:18,,
2022,Batel ligako 5. Jardunaldia,HIBAIKA,SN,"10:01,53",3,1,2,3,2,05:06,,
2022,Batel ligako 5. Jardunaldia,"SAN PEDRO ""A""",IG,"04:51,80",12,1,3,14,3,02:20,,
2022,Batel ligako 5. Jardunaldia,"ZARAUTZ ""A""",IN,"05:07,52",10,1,3,16,3,02:27,,
2022,Batel ligako 5. Jardunaldia,HERNANI,PG,"07:04,82",10,1,3,13,3,03:24,,
2022,Batel ligako 5. Jardunaldia,"TOLOSALDEA ""A""",PN,"07:25,03",11,1,3,14,3,03:45,,
2022,Batel ligako 5. Jardunaldia,TOLOSALDEA,JG,"08:53,21",7,1,3,10,3,04:25,,
2022,Batel ligako 5. Jardunaldia,HERNANI,JN,"09:36,03",5,1,3,9,3,04:53,,
2022,Batel ligako 5. Jardunaldia,"UR JOKO ""A""",SG,"08:36,83",3,1,3,6,3,04:21,,
2022,Batel ligako 5. Jardunaldia,SAN JUAN,SN,FORFAIT,1,1,3,0,3,,,
2022,Batel ligako 5. Jardunaldia,"SAN JUAN ""A""",IG,"04:55,02",9,1,4,13,4,02:24,,
2022,Batel ligako 5. Jardunaldia,"ZUMAIA ""A""",IN,"05:08,41",16,1,4,15,4,02:28,,
2022,Batel ligako 5. Jardunaldia,"TOLOSALDEA ""A""",PG,"07:06,25",9,1,4,12,4,03:28,,
2022,Batel ligako 5. Jardunaldia,"SAN JUAN ""B""",PN,"07:26,99",10,1,4,13,4,03:45,,
2022,Batel ligako 5. Jardunaldia,"ZUMAIA ""A""",JG,"08:59,99",9,1,4,9,4,04:30,,
2022,Batel ligako 5. Jardunaldia,"TOLOSALDEA ""A""",JN,"09:41,57",6,1,4,8,4,04:52,,
2022,Batel ligako 5. Jardunaldia,"MUTRIKU ""A""",SG,"08:36,93",1,1,4,5,4,04:23,,
2022,Batel ligako 5. Jardunaldia,HERNANI,IG,"05:15,58",5,1,5,12,5,02:27,,
2022,Batel ligako 5. Jardunaldia,"HIBAIKA ""A""",IN,"05:21,96",9,1,5,14,5,02:33,,
2022,Batel ligako 5. Jardunaldia,"ZUMAIA ""A""",PG,"07:08,80",8,1,5,11,5,03:30,,
2022,Batel ligako 5. Jardunaldia,"ZUMAIA ""A""",PN,"07:30,95",7,1,5,12,5,03:44,,
2022,Batel ligako 5. Jardunaldia,ZARAUTZ,JG,"09:01,81",5,1,5,8,5,04:33,,
2022,Batel ligako 5. Jardunaldia,HIBAIKA,JN,"09:43,69",7,1,5,7,5,04:58,,
2022,Batel ligako 5. Jardunaldia,"SAN JUAN ""A""",SG,"08:37,90",5,1,5,4,5,04:22,,
2022,Batel ligako 5. Jardunaldia,"SAN PEDRO ""B""",IG,"05:18,57",7,1,6,11,6,02:31,,
2022,Batel ligako 5. Jardunaldia,"ZARAUTZ ""B""",IN,"05:22,75",5,1,6,13,6,02:32,,
2022,Batel ligako 5. Jardunaldia,ZARAUTZ,PG,"07:13,54",7,1,6,10,6,03:30,,
2022,Batel ligako 5. Jardunaldia,"HIBAIKA ""A""",PN,"07:32,09",13,1,6,11,6,03:45,,
2022,Batel ligako 5. Jardunaldia,"SAN JUAN ""C""",JG,"09:10,44",6,1,6,7,6,04:36,,
2022,Batel ligako 5. Jardunaldia,UR JOKO,JN,"10:04,26",4,1,6,6,6,05:05,,
2022,Batel ligako 5. Jardunaldia,"ZARAUTZ ""A""",SG,"09:11,00",4,1,6,3,6,04:40,,
2022,Batel ligako 5. Jardunaldia,UR JOKO,IG,"05:36,74",1,1,7,10,7,02:37,,
2022,Batel ligako 5. Jardunaldia,"GETARIA ""A""",IN,"05:24,50",13,1,7,12,7,02:32,,
2022,Batel ligako 5. Jardunaldia,SAN PEDRO,PG,"07:13,66",6,1,7,9,7,03:29,,
2022,Batel ligako 5. Jardunaldia,"HERNANI ""B""",PN,"07:38,14",8,1,7,10,7,03:42,,
2022,Batel ligako 5. Jardunaldia,SAN PEDRO,JG,"09:34,32",4,1,7,6,7,04:45,,
2022,Batel ligako 5. Jardunaldia,"MUTRIKU ""A"" (NP)",JN,"10:07,84",2,1,7,0,7,05:09,,
2022,Batel ligako 5. Jardunaldia,TOLOSALDEA,IG,"05:40,57",3,1,8,9,8,02:45,,
2022,Batel ligako 5. Jardunaldia,HERNANI,IN,"05:30,47",12,1,8,11,8,02:36,,
2022,Batel ligako 5. Jardunaldia,UR JOKO,PG,"07:28,33",4,1,8,8,8,03:56,,
2022,Batel ligako 5. Jardunaldia,"TOLOSALDEA ""B""",PN,"07:38,52",4,1,8,9,8,03:40,,
2022,Batel ligako 5. Jardunaldia,"ZUMAIA ""B"" Mtxo.",JG,"09:55,03",1,1,8,0,8,05:00,,
2022,Batel ligako 5. Jardunaldia,"TOLOSALDEA ""B""",JN,"10:17,99",3,1,8,5,8,05:11,,
2022,Batel ligako 5. Jardunaldia,"ZUMAIA ""B""",IG,"05:47,80",2,1,9,8,9,02:44,,
2022,Batel ligako 5. Jardunaldia,"TOLOSALDEA ""A""",IN,"05:50,41",11,1,9,10,9,02:45,,
2022,Batel ligako 5. Jardunaldia,"ZUMAIA ""B""",PG,"08:05,44",3,1,9,7,9,03:52,,
2022,Batel ligako 5. Jardunaldia,"SAN JUAN ""A""",PN,"07:38,92",9,1,9,8,9,03:48,,
2022,Batel ligako 5. Jardunaldia,"HIBAIKA ""B""",JG,FORFAIT,2,1,9,0,9,,,
2022,Batel ligako 5. Jardunaldia,"SAN JUAN ""B""",IG,"05:48,55",4,1,10,7,10,02:44,,
2022,Batel ligako 5. Jardunaldia,"HIBAIKA ""B""",IN,"05:52,03",8,1,10,9,10,02:45,,
2022,Batel ligako 5. Jardunaldia,"ORIO ""B""",PG,"08:19,52",5,1,10,6,10,03:58,,
2022,Batel ligako 5. Jardunaldia,UR JOKO,PN,"07:40,50",2,1,10,7,10,03:50,,
2022,Batel ligako 5. Jardunaldia,"HIBAIKA ""A""",JG,FORFAIT,3,1,10,0,10,,,
2022,Batel ligako 5. Jardunaldia,HIBAIKA Mtxo.,IG,"05:44,41",6,1,11,0,11,02:45,,
2022,Batel ligako 5. Jardunaldia,UR JOKO,IN,"05:57,71",3,1,11,8,11,02:55,,
2022,Batel ligako 5. Jardunaldia,HIBAIKA,PG,FORFAIT,1,1,11,0,11,,,
2022,Batel ligako 5. Jardunaldia,"ZUMAIA ""B""",PN,"07:51,31",5,1,11,6,11,03:58,,
2022,Batel ligako 5. Jardunaldia,"ZUMAIA ""A""",IG,Excluido,8,1,12,0,12,,,
2022,Batel ligako 5. Jardunaldia,"TOLOSALDEA ""B""",IN,"06:09,80",7,1,12,7,12,02:51,,
2022,Batel ligako 5. Jardunaldia,"ORIO ""C""",PG,FORFAIT,2,1,12,0,12,,,
2022,Batel ligako 5. Jardunaldia,"HERNANI ""C""",PN,"07:57,91",6,1,12,5,12,04:00,,
2022,Batel ligako 5. Jardunaldia,"HIBAIKA ""D"" (NP)",IN,"06:15,10",2,1,13,0,13,03:00,,
2022,Batel ligako 5. Jardunaldia,"TOLOSALDEA ""C""",PN,"07:58,48",3,1,13,4,13,03:53,,
2022,Batel ligako 5. Jardunaldia,"HIBAIKA ""C""",IN,"06:46,22",6,1,14,6,14,03:10,,
2022,Batel ligako 5. Jardunaldia,"HIBAIKA ""B"" Mtxo.",PN,"07:48,17",1,1,14,0,14,03:54,,
2022,Batel ligako 5. Jardunaldia,MUTRIKU Mtxo.,IN,"05:29,63",1,1,15,0,15,02:36,,
2022,Batel ligako 5. Jardunaldia,"ZUMAIA ""C"" Mtxo.",IN,FORFAIT,4,1,16,0,16,,,
